author_id:START_ID(author),paper_id:END_ID(paper),:TYPE
799d3471dc131fdc25d248246adaa6efc753fc72,1fe645c8d05d960dd85d08eaaa5574100db591c8,has_published
5400c3bc7dde46fd671390a648659e4697ca9ec9,1fe645c8d05d960dd85d08eaaa5574100db591c8,has_published
bf1e7d9e12fa464e41a87b27f4dfbe1847da17e6,579fdd7af308a5a9b022f5a38c69b6d1fd3c6224,has_published
5bb5106a45d50ff39e7024117a1b87cd60d1fc79,579fdd7af308a5a9b022f5a38c69b6d1fd3c6224,has_published
75397622a3c9b5a707a7feb367f2afb5b14f6698,579fdd7af308a5a9b022f5a38c69b6d1fd3c6224,has_published
adf75d1c2c2dbeccfd04e5f794d9f4823e01ff10,579fdd7af308a5a9b022f5a38c69b6d1fd3c6224,has_published
bb212f5c3d24d16887335a66f4286f3bd0ab73f0,579fdd7af308a5a9b022f5a38c69b6d1fd3c6224,has_published
e4e46b76725ca30aa909bdedcf1f2f8e3eac1c47,579fdd7af308a5a9b022f5a38c69b6d1fd3c6224,has_published
5ca73a75bf739a377e0cb6f1dafab5f16096f5c4,579fdd7af308a5a9b022f5a38c69b6d1fd3c6224,has_published
4f845db61b110f5e502c4441cc835169e7d1f55b,14241795a7c1b25b0db12f42473176d5af9a2eca,has_published
78d81231b287e240eb5ab0e0317d7373a42929e3,14241795a7c1b25b0db12f42473176d5af9a2eca,has_published
b58321a056e5733f28537bca11ce8a140d002b77,14241795a7c1b25b0db12f42473176d5af9a2eca,has_published
cfe9ad732db7bc7480c4e4d39dff66ba1d368f13,14241795a7c1b25b0db12f42473176d5af9a2eca,has_published
3151bdbc21b5892a66adafd5c76afe630ce32830,14241795a7c1b25b0db12f42473176d5af9a2eca,has_published
51a6f800187e7f46c509738bf031e6b77aaa97bd,14241795a7c1b25b0db12f42473176d5af9a2eca,has_published
c1648539b6c72a4550d8a4c864275006aca105f5,14241795a7c1b25b0db12f42473176d5af9a2eca,has_published
b4953255ddeba4ebf1db24890e7abc85f7fcc772,14241795a7c1b25b0db12f42473176d5af9a2eca,has_published
9bce2dcce7346b51d81d5ae5a4a134dcc745338e,479ade65b7f5219559c4d8cc48c1c2f90bda977f,has_published
a8889dee0fa9103e3675870056eeb6c8917f6441,479ade65b7f5219559c4d8cc48c1c2f90bda977f,has_published
fef1b7956323f1a03977d057f601968bf7ccdeb2,092f8369d5451833e3d627aa6e2376f08bbee6c7,has_published
836d016a8dd69e1e7c1e17e28868349a333f2c63,092f8369d5451833e3d627aa6e2376f08bbee6c7,has_published
5eec64932d70d9c9fdb0ec0a45f3582915d08cbf,092f8369d5451833e3d627aa6e2376f08bbee6c7,has_published
181940d656bd2b0ecd0cf16622f1be10dc18be56,092f8369d5451833e3d627aa6e2376f08bbee6c7,has_published
00480b01aa5cfc601150617e4008b622e7eb9eba,092f8369d5451833e3d627aa6e2376f08bbee6c7,has_published
fa092417b4cf140f05e371861fc7bc88ad583d0e,092f8369d5451833e3d627aa6e2376f08bbee6c7,has_published
f46d6d5c7e5868674c15f05cc0d06e46e2474821,092f8369d5451833e3d627aa6e2376f08bbee6c7,has_published
e9623ca9e1fd8f93d57dc103239349cc3275374b,5ca1f9264b5b1d8fa8c75b95d4d49ae09879cc80,has_published
209d8c7d2cdb1acde9747515426a54d7969ab474,5ca1f9264b5b1d8fa8c75b95d4d49ae09879cc80,has_published
a1faebf7be9109cfb50265731e05dd1f324fadec,5ca1f9264b5b1d8fa8c75b95d4d49ae09879cc80,has_published
3b6f1e00abc3f1a380f2ef3e2990a797ac4a0801,5ca1f9264b5b1d8fa8c75b95d4d49ae09879cc80,has_published
039d3c4dec665b3e9616cb7235eea3a153315edb,216212c97f1f77e62f16edc2e18261a0d45a8da2,has_published
42ff237a7fdefa368406914934e79d5b9bd97cad,de707f97b534ca340482600ed1f008b20d7b1b8e,has_published
89dced5db3951a40c40dc630b90fcc6cf329c98f,de707f97b534ca340482600ed1f008b20d7b1b8e,has_published
3e7683ea822828740e9354a6a5bb1ace376e09f8,de707f97b534ca340482600ed1f008b20d7b1b8e,has_published
23ec56f627b8d3eb7005f9ff20d4895378e76825,de707f97b534ca340482600ed1f008b20d7b1b8e,has_published
ff278fc9a13be257d7205674e79804b1527b7640,de707f97b534ca340482600ed1f008b20d7b1b8e,has_published
302d0b5f6c95810b281ba46c230ebbc257b0434d,de707f97b534ca340482600ed1f008b20d7b1b8e,has_published
730932c463306d5cf7dfa95632ee480e975175ac,de707f97b534ca340482600ed1f008b20d7b1b8e,has_published
ca9a2431863d2bb90a72ddbff2ffd10281a16400,de707f97b534ca340482600ed1f008b20d7b1b8e,has_published
9bc234bb66d159b6f5d30367ddf74960c1fa89e2,de707f97b534ca340482600ed1f008b20d7b1b8e,has_published
e3ebe30855b987b1a4fd5fa035ecf420400e5840,2260e7bc70dccb0761daf5aa6a7a68059cf694c6,has_published
e0515c0989133316fc6de3168c21b9ad43352700,2260e7bc70dccb0761daf5aa6a7a68059cf694c6,has_published
f5756000b54e6e0d7e349c784bd1da2ddeed4f03,2260e7bc70dccb0761daf5aa6a7a68059cf694c6,has_published
9a09bcdd4dbd3206f33ade8332047134d100e996,2260e7bc70dccb0761daf5aa6a7a68059cf694c6,has_published
28163353023f219ef9eb28c0c2fb7d05e3356291,96db8abedfc8eec039a5512c89ce69f6801c3f84,has_published
fe51cb3a15ce4aba91835455b00b8618c69b90d2,96db8abedfc8eec039a5512c89ce69f6801c3f84,has_published
301c298e49b92ed86e20e24eaed19ee47ff33e5b,96db8abedfc8eec039a5512c89ce69f6801c3f84,has_published
f79537a86514efa284d03c8f9e0c51c9d1ce6d01,96db8abedfc8eec039a5512c89ce69f6801c3f84,has_published
1a049533d639905a407c4ce2fee237361fc6402c,96db8abedfc8eec039a5512c89ce69f6801c3f84,has_published
ce31668e4929af793b0dcf535b09d7688aafd6bd,c0e738caa84eb192d6db36ffcd5ea3ddc76cb89f,has_published
ead08ef4e7455379a8468beac4e958590d6d3eba,1276f1f121a44ed98a0217e53d0bb4a0fadf8ee0,has_published
7be0f3230d745318229932cbe7a13541248cc3e3,1276f1f121a44ed98a0217e53d0bb4a0fadf8ee0,has_published
ad1ebd378e37c4fef1a2c4178f5229aba20bb26e,1276f1f121a44ed98a0217e53d0bb4a0fadf8ee0,has_published
fc40efbd12952575e319cee331cf8772957d7fd8,1276f1f121a44ed98a0217e53d0bb4a0fadf8ee0,has_published
0dce280220ec8724db74f3cd1974746d1a662cea,1276f1f121a44ed98a0217e53d0bb4a0fadf8ee0,has_published
f756cdf7a36f0a88868339f59d339d0adabbab54,1276f1f121a44ed98a0217e53d0bb4a0fadf8ee0,has_published
a27e21e1c4ab36022d56f4817e93974a60359786,1276f1f121a44ed98a0217e53d0bb4a0fadf8ee0,has_published
4340b0143fa6e570306f33f9f4b0866bb6c9db24,1276f1f121a44ed98a0217e53d0bb4a0fadf8ee0,has_published
77cd8a499de7cd5419421cf82371fe3d9628bb47,0fa74d92a26432cab5d2f1f445d8c593cc5b3c41,has_published
1f6ec41c91b996affc9713b992d1831e69e684d5,0fa74d92a26432cab5d2f1f445d8c593cc5b3c41,has_published
e884d948f58da29c726445743673a6b8b16fba81,0fa74d92a26432cab5d2f1f445d8c593cc5b3c41,has_published
cfe50fcd5ccfd6f989c601c311f157553952b085,352fc70d79c0668a5a7583538fe0167c1fd785d1,has_published
7d0e266df1a6a57de3c7b99bd683f988dd8f4d6f,352fc70d79c0668a5a7583538fe0167c1fd785d1,has_published
b3c5f30dbda5ca44b74e7ed19336dc4cca5f93f8,352fc70d79c0668a5a7583538fe0167c1fd785d1,has_published
e7d36fdbdc14916643ead3682813b42cd0767b5f,6c808957fb64cb1e22530a3aa2ab5a3da641b2f0,has_published
08fed077ac4777076f5e1627af218fa4fa7cb8a1,6c808957fb64cb1e22530a3aa2ab5a3da641b2f0,has_published
23741e99aa0278aebec55335714a3676adcb8cb6,6c808957fb64cb1e22530a3aa2ab5a3da641b2f0,has_published
c8a0a216d7dd4d488a3eb61d8e41a34a10f94e7d,6c808957fb64cb1e22530a3aa2ab5a3da641b2f0,has_published
48628893da660f89a4eb154d81474d9c7c1a6b13,6c808957fb64cb1e22530a3aa2ab5a3da641b2f0,has_published
6be50bb6697978d3acc8506969cd1ffbc19fc98b,6c808957fb64cb1e22530a3aa2ab5a3da641b2f0,has_published
425f3bd7a5883e4da7fe42497f1d6f4ac9b4aa3a,f12a115ffa060877bd7a292df682bac1b99a8193,has_published
c7bf3c0cad4d78821fb02048cf7ee22c6747e0c0,f12a115ffa060877bd7a292df682bac1b99a8193,has_published
b422d91a683cff4c9b12e88e4d569d4dd6ad71e1,f12a115ffa060877bd7a292df682bac1b99a8193,has_published
2c9decb49a2fc88f92a40b45a9d0ae355220d2c6,f12a115ffa060877bd7a292df682bac1b99a8193,has_published
90b02de01e5069a6df37b142b6cd87088e79e276,f12a115ffa060877bd7a292df682bac1b99a8193,has_published
6124aaeb14dd0d35938227335d3cadbd2f51eb0e,f12a115ffa060877bd7a292df682bac1b99a8193,has_published
08ecffc4f5ce7dda02f5241b22a347aafb459d3d,f12a115ffa060877bd7a292df682bac1b99a8193,has_published
c749a1cc8e0cc24174c35edd3d742f1eec88c3df,f12a115ffa060877bd7a292df682bac1b99a8193,has_published
6e652710bd6a87417d29ac85199890d23c6d83b2,f12a115ffa060877bd7a292df682bac1b99a8193,has_published
a770e1e0033986bc8c2725717d554effd279541c,f12a115ffa060877bd7a292df682bac1b99a8193,has_published
e30ffa1c1eb191cd338b9a0b674847c4e3d450fc,daf177bb1a73a9e8c509e49b87af84c4f81bba1b,has_published
4e783ba7130685a5e5e97a2e3da1384c9c5fad3e,daf177bb1a73a9e8c509e49b87af84c4f81bba1b,has_published
5aa444865762f1e469cbb6d2f416423e4bce4428,daf177bb1a73a9e8c509e49b87af84c4f81bba1b,has_published
b421a40b903b9ebd871b28ed23e019b5068e0ec4,daf177bb1a73a9e8c509e49b87af84c4f81bba1b,has_published
c9a67a99c39993a8086fa5c401d69ca6daff6b18,daf177bb1a73a9e8c509e49b87af84c4f81bba1b,has_published
ec384064ecf4aeef99ba57d3ad6620fad94e2eb5,daf177bb1a73a9e8c509e49b87af84c4f81bba1b,has_published
804bf7606915307c38dabaa00fa253898702c78e,daf177bb1a73a9e8c509e49b87af84c4f81bba1b,has_published
2cdb29c116756c31d58d93fa51f4dd4e90a2a450,daf177bb1a73a9e8c509e49b87af84c4f81bba1b,has_published
00a00276e672e29b2f371cb749645580cf36d1ae,daf177bb1a73a9e8c509e49b87af84c4f81bba1b,has_published
36bb48fbed7f88681210a31072b9cd2e0dc2fe45,daf177bb1a73a9e8c509e49b87af84c4f81bba1b,has_published
aa5e15dbb5d5d918a320ef32d652b7795e42347c,daf177bb1a73a9e8c509e49b87af84c4f81bba1b,has_published
508771854461f723db5c411d335625703073d237,daf177bb1a73a9e8c509e49b87af84c4f81bba1b,has_published
70febacbcc2bf5ae0795528413bb814de1c45f6c,daf177bb1a73a9e8c509e49b87af84c4f81bba1b,has_published
517ee95d10b23d7c5edb327a9602c928de9d0e0e,90ea0d87e6c90695278dd75b2fcd78dda9eabf28,has_published
03a884600d049441c5b739453d87dca87ef44dbe,90ea0d87e6c90695278dd75b2fcd78dda9eabf28,has_published
60ecc20cd658c34411dedd2650ff7568c788ac51,90ea0d87e6c90695278dd75b2fcd78dda9eabf28,has_published
79e2688a9e834a04271065b7c688f1b7e1a709cb,90ea0d87e6c90695278dd75b2fcd78dda9eabf28,has_published
1f7ee365000a18339703ad8f31799294b5699e12,90ea0d87e6c90695278dd75b2fcd78dda9eabf28,has_published
10da2850cea62278444e39ad798136fcdcf2f23c,90ea0d87e6c90695278dd75b2fcd78dda9eabf28,has_published
1ce70ddc75894d46262d744df4078980fa0f4689,90ea0d87e6c90695278dd75b2fcd78dda9eabf28,has_published
3364a7ea26d330e934f248da9ceeb2a566c0e1c5,ba8577fbe95f71f3482edea00b9e7579bc360799,has_published
242f33a5719ef69237983edd78dad08d566a71fb,ba8577fbe95f71f3482edea00b9e7579bc360799,has_published
17fc3eb12be3782334c9152aab5304549139d987,ba8577fbe95f71f3482edea00b9e7579bc360799,has_published
7683be033d8f2f3f20aa41e2febf3c6e03c7f9e9,ba8577fbe95f71f3482edea00b9e7579bc360799,has_published
c78c02eb056bb06b07866005307f4721919aa54a,ba8577fbe95f71f3482edea00b9e7579bc360799,has_published
b460c5e2c6578f509a0678cae979e86c1e113610,98c40c0b8449c8bf8d891cef45c079ce834a8e04,has_published
dcd4205725c31cb210046998abd54addde18d414,98c40c0b8449c8bf8d891cef45c079ce834a8e04,has_published
8b9589d30d5394b8063b093175c20eabe6a1122e,98c40c0b8449c8bf8d891cef45c079ce834a8e04,has_published
df625512caa8e9a1b9c75f20095549df97d4c4c5,98c40c0b8449c8bf8d891cef45c079ce834a8e04,has_published
a721debe85452e6662e5e684bdff2ac047b1da13,98c40c0b8449c8bf8d891cef45c079ce834a8e04,has_published
748e48d3273ea7d4c0c2c7cf0de39167265b2def,98c40c0b8449c8bf8d891cef45c079ce834a8e04,has_published
67ee834bc788e09ddf80d7bfe1bb02da5ee4e878,98c40c0b8449c8bf8d891cef45c079ce834a8e04,has_published
a53a739ad353ab1f776bfa225894a68a53bd210b,98c40c0b8449c8bf8d891cef45c079ce834a8e04,has_published
e7e2817b74656e5bf31e03f62122c5d1168e8ee3,98c40c0b8449c8bf8d891cef45c079ce834a8e04,has_published
585942bdd02fb719d2b98196ced7698e3573196a,98c40c0b8449c8bf8d891cef45c079ce834a8e04,has_published
f99994acb26607fb7340438f11b31d07d58652ba,7e8472520ff77977f27f9fa3935e4ed430079016,has_published
0d007492d315fe846215853115515c16a91c5fb6,7e8472520ff77977f27f9fa3935e4ed430079016,has_published
359f87402c401c30075b72cfac7c11aff4fe5b63,7e8472520ff77977f27f9fa3935e4ed430079016,has_published
38f98852f69cc35536977a27425d75cdf68c86a5,36e08484f476eba164be23d47a79e9c1a3411765,has_published
bcda473da8a659fb1380753f2b7e620e4a3e6c76,36e08484f476eba164be23d47a79e9c1a3411765,has_published
1e00d39e91456248171739feb353f0dd0af860cf,36e08484f476eba164be23d47a79e9c1a3411765,has_published
056f2615b86a7959b71eb6bcb9e9b24e594ba6fc,36e08484f476eba164be23d47a79e9c1a3411765,has_published
2aeb2e97785dbff68e0ef0b53479e57446f8ba3e,36e08484f476eba164be23d47a79e9c1a3411765,has_published
ef5e1525411ad07fc68584aa0e9353314b18db26,36e08484f476eba164be23d47a79e9c1a3411765,has_published
981a0228575f588c08fcb5161751de052248c0a0,36e08484f476eba164be23d47a79e9c1a3411765,has_published
8f93e571652c1381a694ca3f5700d1905a93b2f6,36e08484f476eba164be23d47a79e9c1a3411765,has_published
06e251146bac38fa83e05c519307bc42918e07ce,36e08484f476eba164be23d47a79e9c1a3411765,has_published
46c8c65ba561dff136f056d71a546103ec29992d,36e08484f476eba164be23d47a79e9c1a3411765,has_published
a439879fdf8947a72e0d35474ae131d7b8308e89,36e08484f476eba164be23d47a79e9c1a3411765,has_published
191b9188401e22039de43ae5b339a8b3c687c5bd,36e08484f476eba164be23d47a79e9c1a3411765,has_published
32096c2e0eff33d844ee6d675407ace18289357d,36e08484f476eba164be23d47a79e9c1a3411765,has_published
1f362f047d7a2d0b39ec18a04b7bad9b2f61c916,36e08484f476eba164be23d47a79e9c1a3411765,has_published
dd0c8c4bdb5d1bc57a5d4183348c76d946d6b2b4,36e08484f476eba164be23d47a79e9c1a3411765,has_published
c63ae6dd4fc9f9dda66970e827d13f7c73fe841c,36e08484f476eba164be23d47a79e9c1a3411765,has_published
c85e56a4810da9c2425abcca1b3c76d7103a6353,36e08484f476eba164be23d47a79e9c1a3411765,has_published
d8f3ea770360e09dee3c0187b4679dd957bc57db,36e08484f476eba164be23d47a79e9c1a3411765,has_published
6058ba0b02450604cb186e9a8d4feeb9ee4264e4,36e08484f476eba164be23d47a79e9c1a3411765,has_published
7f334d4fa026694142a6ddc93232122162af9739,36e08484f476eba164be23d47a79e9c1a3411765,has_published
f8081be89bfa344b372cfdfea4cc65fac5029041,36e08484f476eba164be23d47a79e9c1a3411765,has_published
3dd7eaf945379527271ee87256c3dc3ab02730d9,36e08484f476eba164be23d47a79e9c1a3411765,has_published
00ca9ca7217c55e68427c62c70d87c56d9f9ce86,36e08484f476eba164be23d47a79e9c1a3411765,has_published
fd9322514040f7b10820327bdfdfa41d723a27bf,36e08484f476eba164be23d47a79e9c1a3411765,has_published
289dcc3086b1ffcd4bf96cdaac9baad569b7a0b5,36e08484f476eba164be23d47a79e9c1a3411765,has_published
a1c77a99e80179b093581750392653e116d3a235,36e08484f476eba164be23d47a79e9c1a3411765,has_published
6585b1684b915465b4864b2d51f3f4f049b4fcaa,36e08484f476eba164be23d47a79e9c1a3411765,has_published
203e4cd24dc608032b72a0d36aec00e242a74392,36e08484f476eba164be23d47a79e9c1a3411765,has_published
fdbf44fc64ef49a9dd5188e38e0a9433b10276f6,36e08484f476eba164be23d47a79e9c1a3411765,has_published
4fea0ada4454f99bcd15dd24b8e438f307439840,36e08484f476eba164be23d47a79e9c1a3411765,has_published
98f00c3e0a0aae250ac18a22fdde2383816d7dd8,36e08484f476eba164be23d47a79e9c1a3411765,has_published
718e2961b9e1ec66a2120936bceb45961a4f1122,31b43767440cb19003d22bd82c936624b2cdcf75,has_published
7f9afe219101558fa70e3443708ba29a2be1ab3e,31b43767440cb19003d22bd82c936624b2cdcf75,has_published
eb03b1f44fb942fc0c82dd40be88f3880d1cb108,31b43767440cb19003d22bd82c936624b2cdcf75,has_published
e3571f0c1078857a9639605402622383751e91da,31b43767440cb19003d22bd82c936624b2cdcf75,has_published
81e09c31234395682a486d61084914b075a9fcdb,31b43767440cb19003d22bd82c936624b2cdcf75,has_published
7d2af29601a955b52718c2d5927b6c1b0293fbc1,31b43767440cb19003d22bd82c936624b2cdcf75,has_published
59762d3e43727c8cdc9da4b739989cf4a68f1ace,2bcc0b5598cfa52910f51d0d93b19c824076a860,has_published
6f038689747ebde5cf655ae598cf2f9a878b2199,2bcc0b5598cfa52910f51d0d93b19c824076a860,has_published
8db567b9f736ba2b0337bda07ffb7c4e03369041,2bcc0b5598cfa52910f51d0d93b19c824076a860,has_published
3ecb6c982f895f8772358a7017450cae5bc8b78d,7a5aa39108c02e8baa292d13d13466c52a2c96e7,has_published
86b3807c49df66ab98ce45e586df615297b00da4,7a5aa39108c02e8baa292d13d13466c52a2c96e7,has_published
64ca293b7504ec3011d3e2c3d087abb0062231b7,7a5aa39108c02e8baa292d13d13466c52a2c96e7,has_published
7bf7ce2af1590a2f48bc9bc29f56715423ee3c22,1086fc6e9d4fa133297c2c359658cfc0fbc05ad8,has_published
0dd5845f1be84d7e3a430907f5fe12ed35f2ef2a,1086fc6e9d4fa133297c2c359658cfc0fbc05ad8,has_published
1ea7a46b3143630716400348cf2451829464248b,1086fc6e9d4fa133297c2c359658cfc0fbc05ad8,has_published
b41f5e044a63bc1c93217eaa35377057e0d7d942,1086fc6e9d4fa133297c2c359658cfc0fbc05ad8,has_published
d37b08ee38f314f6730afd36de8f9d3b48b4f08d,1086fc6e9d4fa133297c2c359658cfc0fbc05ad8,has_published
5ec78472319ede57e4f6cd1d39596f03b27a0192,1086fc6e9d4fa133297c2c359658cfc0fbc05ad8,has_published
73ec3f8c2bf117475c604a7f1d7585619a3beeed,1086fc6e9d4fa133297c2c359658cfc0fbc05ad8,has_published
4acb5ebacc75be5f7f3e5b4e70fea05172a646ad,c4c4622a69c2a7891eb504a87793ad471e9fea55,has_published
8429a1c639abe99f52f540c031f3238ec6aa8ad4,c4c4622a69c2a7891eb504a87793ad471e9fea55,has_published
209168456a61486e25105590b08530d20359c391,c4c4622a69c2a7891eb504a87793ad471e9fea55,has_published
ada84fab7f2cb847a3295aadb2994eb5209dac9a,c4c4622a69c2a7891eb504a87793ad471e9fea55,has_published
c090e35e99e2efbb480893607dd581a3fca8c91a,c4c4622a69c2a7891eb504a87793ad471e9fea55,has_published
e2d06610592d1659504591d4bcb402e94ba50a38,c4c4622a69c2a7891eb504a87793ad471e9fea55,has_published
706f6339e835d0512d5d873d62a3e08aba143f49,c4c4622a69c2a7891eb504a87793ad471e9fea55,has_published
5ff03b7273b1808e5ba852e230991bbf07da703c,c4c4622a69c2a7891eb504a87793ad471e9fea55,has_published
53e96e82b4000a035eaf43fa7773c5c976dc584a,d3f5f8733398c14adde7dd0ee67923c9fe4a3735,has_published
59f46c1bb12f85d5207a66e01746ba86bd1a94e9,d3f5f8733398c14adde7dd0ee67923c9fe4a3735,has_published
feab812674b0e1e4fe72f41e6979338f461db626,bcdcd76fc1128bfbabbb29da6fc97b573d2edef8,has_published
f7321ef9667751add93901a1c7c44b491cfb1227,bcdcd76fc1128bfbabbb29da6fc97b573d2edef8,has_published
0a0218a840bb09f0dc887d0d80e9ed29d5c28248,bcdcd76fc1128bfbabbb29da6fc97b573d2edef8,has_published
36d608f5627ce5261d03dd99dd76badcf43879c5,e6a9cb9589ec2381d774a128189529fc2669f079,has_published
2b38881d30164b6e1249307e8b263d810a4b54b1,e6a9cb9589ec2381d774a128189529fc2669f079,has_published
266c38d7cecf31ebf847ee3b2229d67afc0fcb56,e6a9cb9589ec2381d774a128189529fc2669f079,has_published
120a48f7e318e05d8e228474f6aa934234b98cee,e6a9cb9589ec2381d774a128189529fc2669f079,has_published
dee0b85afa5b3deeb9f4334712d18eb8d53be015,e6a9cb9589ec2381d774a128189529fc2669f079,has_published
07ddd0c91c72331fd26957dbce3af0c29d750cec,e6a9cb9589ec2381d774a128189529fc2669f079,has_published
e171a42f45244237b7c6b3723653eb995bd5d115,e6a9cb9589ec2381d774a128189529fc2669f079,has_published
c3d39e30d9555c5a3711575782ff6d3d0cc3a70e,e6a9cb9589ec2381d774a128189529fc2669f079,has_published
7765919303922756e560783c8fc9ba6df5a378d9,e6a9cb9589ec2381d774a128189529fc2669f079,has_published
58655ad6a9467f178273c908752bd63e4d2026d2,270e9d8ac92742355bfb03480d760d78182bc6b8,has_published
0bbc97507120ddae66fad51669314dc2a9a16864,17752cd197628ca49a7b800528bdd68532e4a148,has_published
9d48026c3b4d50cc8f3628b40a5353bcb911227e,17752cd197628ca49a7b800528bdd68532e4a148,has_published
611ab9b1c791bc43679d3da4aaabb085e04de0c6,17752cd197628ca49a7b800528bdd68532e4a148,has_published
95cd8fce9b03caca332df2881b3f6cbccd610836,17752cd197628ca49a7b800528bdd68532e4a148,has_published
c98c01170b2f2ece647ec2290ad4b5e3f606c55d,17752cd197628ca49a7b800528bdd68532e4a148,has_published
76bc22fbb0bfa102557f3c8cabd4c5b634dd5a1c,17752cd197628ca49a7b800528bdd68532e4a148,has_published
950dd5ad6704c942c0a77a36c8f862eab8026e2b,17752cd197628ca49a7b800528bdd68532e4a148,has_published
39835f309653d5f14a867984bcdcb7f78ff3e42a,17752cd197628ca49a7b800528bdd68532e4a148,has_published
3f8f79b0b3fc08074009b56feeb8cd4b8f17f0d2,17752cd197628ca49a7b800528bdd68532e4a148,has_published
46ebdc1aa2ba385bb29ed7d485186302392b7675,17752cd197628ca49a7b800528bdd68532e4a148,has_published
edcf712ed34f182de8964a757e588dfc811133fe,17752cd197628ca49a7b800528bdd68532e4a148,has_published
c175bb1008a57d4c39a231ccf27a924a9a98c369,17752cd197628ca49a7b800528bdd68532e4a148,has_published
e3405d9c9a95ae2650891dce175b1e81c321b2ea,52467f330dbc2d3ec0e98abd1ac58eb15a9b6aa2,has_published
290ae32abee53ca7c19b10e236c54443dd962b56,52467f330dbc2d3ec0e98abd1ac58eb15a9b6aa2,has_published
4da0bc538a2c5928da729012cc7f9c1af5cbb785,52467f330dbc2d3ec0e98abd1ac58eb15a9b6aa2,has_published
3fb7d50db162c882989b7c903a65d793a7c02636,52467f330dbc2d3ec0e98abd1ac58eb15a9b6aa2,has_published
34ac0c1bcbd1075b5b08504ddd4659c1423d3dcf,52467f330dbc2d3ec0e98abd1ac58eb15a9b6aa2,has_published
8ada78b3b2161ddc43491eb33ef11e689defffa5,52467f330dbc2d3ec0e98abd1ac58eb15a9b6aa2,has_published
826b86d2f29fc02179dc67bf5d78e6caa1622ed4,52467f330dbc2d3ec0e98abd1ac58eb15a9b6aa2,has_published
184e9dcfdd7976a05fbcaf740de2e84b1f616066,52467f330dbc2d3ec0e98abd1ac58eb15a9b6aa2,has_published
f5634b8d15f7fcd7bf904e470318585217b1bf68,52467f330dbc2d3ec0e98abd1ac58eb15a9b6aa2,has_published
a7fa9d97920825325c66757b0e69ade7c9992eb8,f33e644d058bc8373378c115878be06346298687,has_published
b25f3a12864eaeccf524d0ffc692a30ad30c957b,f33e644d058bc8373378c115878be06346298687,has_published
83d35d8e2b6e5d1a589c98db0b75279fe62b16fc,f33e644d058bc8373378c115878be06346298687,has_published
d0a162d2ca1585b05103011a7c5ffa686c6f0181,f33e644d058bc8373378c115878be06346298687,has_published
e44fa877e3532c1284057fe6c607099fc229e4a1,1d05a3a4bca4491b8335840d4a66d2be5811875f,has_published
1581d552a0f712a0974a46c6f958ac93262507e2,1d05a3a4bca4491b8335840d4a66d2be5811875f,has_published
7d44ef758af24141f198cd66ff46feeb1164ddf7,1d05a3a4bca4491b8335840d4a66d2be5811875f,has_published
b0d8dd9bc8ce377815c7f333d44d6165bd759bc3,1d05a3a4bca4491b8335840d4a66d2be5811875f,has_published
e9946d1cc0e8b3ce63aacd5ec9a4bbf13f410933,1d05a3a4bca4491b8335840d4a66d2be5811875f,has_published
a430f66972e10918c0e879bc416d5eb1efbc2d34,be4046e11217c39228b15115dfe692df7d413db7,has_published
d8c64b2151c8e79f7ef9b606250a6d89b755633a,be4046e11217c39228b15115dfe692df7d413db7,has_published
98e9159bee22f54c417f23b5b4d5875a8c008af3,be4046e11217c39228b15115dfe692df7d413db7,has_published
a5b8ad7e11d77d40d31ae12134ae7588792809c2,be4046e11217c39228b15115dfe692df7d413db7,has_published
8ee408accfd1eb86d993b3d8e2012629cf4cf8fc,be4046e11217c39228b15115dfe692df7d413db7,has_published
82226bfd1c944446cbc942ea043f31583c308816,be4046e11217c39228b15115dfe692df7d413db7,has_published
ae0092dd867216847fb55b509b8318c980c229e0,be4046e11217c39228b15115dfe692df7d413db7,has_published
0f9d40f6244167b02f664552d87c0b842e2545db,be4046e11217c39228b15115dfe692df7d413db7,has_published
7740d17bfd46b83b3a5f1f51aaddf0478a134860,be4046e11217c39228b15115dfe692df7d413db7,has_published
239e021be5f4c6acd73e179ac023a610f6e587d1,be4046e11217c39228b15115dfe692df7d413db7,has_published
cc54fb080311c2c0164c0f93139d147733d253be,be4046e11217c39228b15115dfe692df7d413db7,has_published
28e6ef352c9096a28fef3d57c820aa360df84981,be4046e11217c39228b15115dfe692df7d413db7,has_published
fc8f016ce9a5f1f76d378bf164d79fb8932229f8,be4046e11217c39228b15115dfe692df7d413db7,has_published
b6c55cf6289dfcaf39f00451f828a5b1d49d8c58,be4046e11217c39228b15115dfe692df7d413db7,has_published
f7a272a7ac310692cfed3de9992dc4e4fee9fa89,be4046e11217c39228b15115dfe692df7d413db7,has_published
666c2ed7379cd52ae1c72192a9dc9a7aadaee5c9,be4046e11217c39228b15115dfe692df7d413db7,has_published
2527ad4d4baf4306a528aab8ab6cac61cfa5d218,be4046e11217c39228b15115dfe692df7d413db7,has_published
33901f1ededf9daf3985981b1b40242f85b007c1,be4046e11217c39228b15115dfe692df7d413db7,has_published
2d858c8f677a1c381d1460ff65b693962216dd30,be4046e11217c39228b15115dfe692df7d413db7,has_published
2407d3b24e79fa2544403735d74d4781cbae4d97,be4046e11217c39228b15115dfe692df7d413db7,has_published
7c6da70d03bfdb82510a7fbfc79db381d1245df1,be4046e11217c39228b15115dfe692df7d413db7,has_published
25e58a0147633e39c2a2fcceff9a13a181e672b9,be4046e11217c39228b15115dfe692df7d413db7,has_published
d1fc32a84cd1b1bc8a11323e7d020b214743eb64,be4046e11217c39228b15115dfe692df7d413db7,has_published
317c3b78fa5107a5f3b1f5c385fb3cb027ef5a0c,be4046e11217c39228b15115dfe692df7d413db7,has_published
04d7c4e54190fde9132eee0dafd27f754f8f2497,be4046e11217c39228b15115dfe692df7d413db7,has_published
f36ec809f55588796a640b33575d948ed8207b81,be4046e11217c39228b15115dfe692df7d413db7,has_published
d4759119f2de99b545166f651753000816799e3e,be4046e11217c39228b15115dfe692df7d413db7,has_published
1b12c716a86ca345252a7d0a1a3d96e076e69541,be4046e11217c39228b15115dfe692df7d413db7,has_published
a771a812dd9945c7318577d98b8e7d62f55c2882,be4046e11217c39228b15115dfe692df7d413db7,has_published
520029c3d4439d533bd0cf5f2829c1f63215b0b5,be4046e11217c39228b15115dfe692df7d413db7,has_published
bf43b954dca99424487879a9b53673defa5ea3a6,be4046e11217c39228b15115dfe692df7d413db7,has_published
1c1a8d091846400dfe481e40e8621700bc366d91,be4046e11217c39228b15115dfe692df7d413db7,has_published
0b03de20e304e6f3058cb63cb8b551fc4e3255ec,be4046e11217c39228b15115dfe692df7d413db7,has_published
082a515d9f9d5d6869cdf8e32f9930d575f0cf0f,be4046e11217c39228b15115dfe692df7d413db7,has_published
3faf7700329422dd4168ab618669eadd623d978c,be4046e11217c39228b15115dfe692df7d413db7,has_published
737028b9d4423f2667f87b40876f616410d34c47,360e2ae0c8c522d48cb5414c1e982d96e40165b6,has_published
7cab37c7f44e1757f2b1c5c418683ef2ad36788d,360e2ae0c8c522d48cb5414c1e982d96e40165b6,has_published
ddd502c7bb2c44025d35fba5338a4bd36c55ce92,360e2ae0c8c522d48cb5414c1e982d96e40165b6,has_published
b9976735b1c96d3d65397d1861a34022164c7b6b,360e2ae0c8c522d48cb5414c1e982d96e40165b6,has_published
fb2efc6dfb96ddd56126b7738cbe9f32ebfc6b41,360e2ae0c8c522d48cb5414c1e982d96e40165b6,has_published
b929aae97efbaa7b736212ddb2aab22f10aaf38a,360e2ae0c8c522d48cb5414c1e982d96e40165b6,has_published
6af2bd8c8d692324bf573801dfc6824160a68347,360e2ae0c8c522d48cb5414c1e982d96e40165b6,has_published
54b0134ce66c6b48cb1c16920115b40dbcf7b607,360e2ae0c8c522d48cb5414c1e982d96e40165b6,has_published
5cd40044d29cd60fbc72652d7bbceec0b2401bfe,360e2ae0c8c522d48cb5414c1e982d96e40165b6,has_published
08bb49a8038436658afd55d61808c251107b8494,0b19ff1c9b5ddb407af1ddc84aca0002b1258f66,has_published
3bb2f16439cf7c455b58d68b539856a5b7d829ba,0b19ff1c9b5ddb407af1ddc84aca0002b1258f66,has_published
c456c9028de263a62bd0e7ef4d1f79a6200dce33,0b19ff1c9b5ddb407af1ddc84aca0002b1258f66,has_published
9c6d5b8c04e031598246202889b959d93e4d70b0,0b19ff1c9b5ddb407af1ddc84aca0002b1258f66,has_published
27fa55710305a0b468716b36885d1c3621599247,0b19ff1c9b5ddb407af1ddc84aca0002b1258f66,has_published
fa02ade43c9f6729dba80eff1f89f77a75159486,83a108c3d317cc06a7acf39f78fa5ff7b941dcc8,has_published
ace7ce49e26d5e792ed55497de3eb600bb4c65c6,83a108c3d317cc06a7acf39f78fa5ff7b941dcc8,has_published
dfac74c8b48ba72356a6f5493454f5557c921541,83a108c3d317cc06a7acf39f78fa5ff7b941dcc8,has_published
ba664a9050df85bacda4f1d7c8b309e7bb8f2518,83a108c3d317cc06a7acf39f78fa5ff7b941dcc8,has_published
f90ebc9d5552e22cfd46a937cda62dec44887d92,83a108c3d317cc06a7acf39f78fa5ff7b941dcc8,has_published
b361cc6b8a9796359789ce6904f1aec8dc4b0679,83a108c3d317cc06a7acf39f78fa5ff7b941dcc8,has_published
824713ec6dd6cac347b5b17b8f0cde892bc3db82,83a108c3d317cc06a7acf39f78fa5ff7b941dcc8,has_published
ed6321a167daf3902ac13adf2cb0331f9cd53eb3,83a108c3d317cc06a7acf39f78fa5ff7b941dcc8,has_published
4b92798b31ec2aa2a1cdcdea58688e8b3964aaa8,83a108c3d317cc06a7acf39f78fa5ff7b941dcc8,has_published
0494f0cc6576f2bd4edeb7043e47197095638b56,83a108c3d317cc06a7acf39f78fa5ff7b941dcc8,has_published
ab27548ebd5030076af10a759c1adf43d32b88c8,83a108c3d317cc06a7acf39f78fa5ff7b941dcc8,has_published
49c3a8771ae1f2216a10d494ddca4e4abebab3da,d707ad5021935bdb7102566353ac3c4e319e91ef,has_published
d15072f2e8b9ab53559543b3b6a31d4c5d9bc289,d707ad5021935bdb7102566353ac3c4e319e91ef,has_published
aeb9e8f4528a340babef6227990bf45c46d7df51,d707ad5021935bdb7102566353ac3c4e319e91ef,has_published
cd0fb6b9bcbc316e04512c645eae5564ee567d11,d707ad5021935bdb7102566353ac3c4e319e91ef,has_published
2425da8d2487c86467060e836a9e1e9083ce062d,d707ad5021935bdb7102566353ac3c4e319e91ef,has_published
12c76db198a97cd0e453a42374b7e694f30c085b,3424dfd56dfdf957d0fca5e02da73f1352b84ca0,has_published
4e8bd53539e87ff41691ef143f5ecab324f72afe,3424dfd56dfdf957d0fca5e02da73f1352b84ca0,has_published
4447e4683669c4428ec034e78466344706d16065,3424dfd56dfdf957d0fca5e02da73f1352b84ca0,has_published
fd08c05e6eb57059e2e985b7659fc5423133cb26,3424dfd56dfdf957d0fca5e02da73f1352b84ca0,has_published
6b83b7aa9db2fafbdc2195da17a121d63a862087,12ebc361e7987296b4b0e2812b604ef189c37269,has_published
c67a6b41df1f7ef729bd4671e58a46c86677b1d6,12ebc361e7987296b4b0e2812b604ef189c37269,has_published
e3eff84f741149530225b22a0c1bfa44a8a8d230,12ebc361e7987296b4b0e2812b604ef189c37269,has_published
395769c478d0fc7788eacfb20c31f92c69c00b39,12ebc361e7987296b4b0e2812b604ef189c37269,has_published
2a90b95f605d8b6b5e993bb61c98fa832268e508,12ebc361e7987296b4b0e2812b604ef189c37269,has_published
a28b422972fd4e00e5ba7828c90c57326ea1e2db,12ebc361e7987296b4b0e2812b604ef189c37269,has_published
e2a7cbaead21e21e6f683341d556477ae103a8f8,791c5366afcec8fe5d34b7ee47649ff37ba37a53,has_published
fc917fe5c8000e572564dd0419b521ccccd1a14a,791c5366afcec8fe5d34b7ee47649ff37ba37a53,has_published
77f0dd8aff30a968a35c861e63ee5e57453c2c24,791c5366afcec8fe5d34b7ee47649ff37ba37a53,has_published
36e4e7da5159b1a17271857063f687cd10642c5f,767622f570a69699aa4ee0560f4015a9f337ca09,has_published
342dadb3257ed04eeba5dadcb8ce8ffe4b251b7c,767622f570a69699aa4ee0560f4015a9f337ca09,has_published
4afb2fb6c92516f572eac82ea98005fca5a2489f,767622f570a69699aa4ee0560f4015a9f337ca09,has_published
6a721b6e9ddb37816aea7a65a497ea1dd7af0afc,120fdf24578441888a02e43eeee3e1a54661e3a3,has_published
dbaf4acfa34b726519951f88cd7cf4ed7462d736,120fdf24578441888a02e43eeee3e1a54661e3a3,has_published
33f6140ae7ed79e74df6455ea76eca507dc2b88c,120fdf24578441888a02e43eeee3e1a54661e3a3,has_published
425be7a631877a11fda7cffe967bd179dcb698c0,120fdf24578441888a02e43eeee3e1a54661e3a3,has_published
674a886e3ea0fa7fb8c54e71044d32edac6ceaad,120fdf24578441888a02e43eeee3e1a54661e3a3,has_published
c5049ef1b6a2613cfaf27326fc34060cf89a8941,e0196f568a530e0057cbb4a6d66cedf3a2320632,has_published
42702424578f2aab1a84cc2fca57d0b94ef91cbc,e0196f568a530e0057cbb4a6d66cedf3a2320632,has_published
6aef708e21e64f78f9474e941bd9b35a01dcd2e8,e0196f568a530e0057cbb4a6d66cedf3a2320632,has_published
25e5df22dda34204beb13823b5a30d0f44dbdba8,35a74f463199e0751efab17ef9487cd8858fac7a,has_published
c3156e00d3c2588c639e0d3cf6821258b05761c7,35a74f463199e0751efab17ef9487cd8858fac7a,has_published
84485e8999fd80bcb91f9eab2669c005f95fa42d,35a74f463199e0751efab17ef9487cd8858fac7a,has_published
b9483f5ab7efc443e5431a856531fe293b604d96,35a74f463199e0751efab17ef9487cd8858fac7a,has_published
f52790de8089dc5c8fb4af9a18a3bca1d939622a,35a74f463199e0751efab17ef9487cd8858fac7a,has_published
58139e0059a5478bd34033c6c49f17969ab3e64e,a03ff064805819f12d4fa95e3c53c61ae29581d4,has_published
3d1e147a991fbdd0734b019c20beeee5444fe7c8,a03ff064805819f12d4fa95e3c53c61ae29581d4,has_published
43f488b549d000785a2b034f6b5c3c464c5f809b,a03ff064805819f12d4fa95e3c53c61ae29581d4,has_published
07cef95af83ed3faccd711d33e8c2cbd967e7958,a03ff064805819f12d4fa95e3c53c61ae29581d4,has_published
7473c14c10567b74aa7547f9c1d46a35efcb4f2c,a03ff064805819f12d4fa95e3c53c61ae29581d4,has_published
d10f26ef3f5262c1ba2d60ccf03b8a4f0c023f14,a03ff064805819f12d4fa95e3c53c61ae29581d4,has_published
eebfb98e6adfac7f5ca61e23fbac1726eb2d9031,a03ff064805819f12d4fa95e3c53c61ae29581d4,has_published
3a5ebe8c0f87de5a70bc2bb6fb3826724a48c38c,a03ff064805819f12d4fa95e3c53c61ae29581d4,has_published
fe7ca86087a379c132cc5e3a5aea273794ec70ac,a03ff064805819f12d4fa95e3c53c61ae29581d4,has_published
f340cbecd76d4df116b3b54e008df248aa39cbf6,a03ff064805819f12d4fa95e3c53c61ae29581d4,has_published
35239483c015d386ca3740cc2fb7fd17d50b628c,a03ff064805819f12d4fa95e3c53c61ae29581d4,has_published
f616c1f20633d4e4ce76a0fdd29f20409eaa0a02,a03ff064805819f12d4fa95e3c53c61ae29581d4,has_published
a053ab9fcd2d7ad073dcfba0955d227006d4c734,a03ff064805819f12d4fa95e3c53c61ae29581d4,has_published
e995eb7a8994ef317e46a4daffc7e576b429c692,a03ff064805819f12d4fa95e3c53c61ae29581d4,has_published
7e3fcfe347037e9bf272f3035af8a0c95abe70fd,cb16d307afaecebd683e6d74c8b501ed54b0c9a4,has_published
fabb4937635c21d2e0aba413b1728229461e0f24,cb16d307afaecebd683e6d74c8b501ed54b0c9a4,has_published
e5188dfe791c5f7157e478bc09032891dfd77929,cb16d307afaecebd683e6d74c8b501ed54b0c9a4,has_published
b04ee04783f8201130d5387a2f0ba43cd3f732ae,cb16d307afaecebd683e6d74c8b501ed54b0c9a4,has_published
08e4db350a9944ef55130e435965c54a84cfec61,cb16d307afaecebd683e6d74c8b501ed54b0c9a4,has_published
8cdfce6945e6be6e9b50ac04b194fee3741e74f5,cb16d307afaecebd683e6d74c8b501ed54b0c9a4,has_published
98eaad96fe9bc61412f844a7f6660d60cafc9388,cb16d307afaecebd683e6d74c8b501ed54b0c9a4,has_published
d1eb1f42fc9c383fec695958d55f12a8f01eaa82,cb16d307afaecebd683e6d74c8b501ed54b0c9a4,has_published
ace23224e641ac243e16a7b71e3301d3646d3caa,cb16d307afaecebd683e6d74c8b501ed54b0c9a4,has_published
c920774f1dd79bea548f68ca0e2b99ff7f5bdd54,cb16d307afaecebd683e6d74c8b501ed54b0c9a4,has_published
f603a07d40f922647fe9d0094b6666d78e3f075a,cb16d307afaecebd683e6d74c8b501ed54b0c9a4,has_published
159ed94b69d75dab29f83e8f9d16eef33944bd87,cb16d307afaecebd683e6d74c8b501ed54b0c9a4,has_published
5b86e347e1ad2ed67a62ce97ae1dd0e04df4ddb2,cb16d307afaecebd683e6d74c8b501ed54b0c9a4,has_published
ec6242d9c7df6efb744047768822c45e422e239b,cb16d307afaecebd683e6d74c8b501ed54b0c9a4,has_published
ca8bfbc4749cb47a6c0ae106540dd0ffd8ad9833,cb16d307afaecebd683e6d74c8b501ed54b0c9a4,has_published
583d75132399d726965a9b7d42179c08e36a8bd3,5a7d78d4e4a9d3f9487576d7abfaa23ee1b503b3,has_published
19867c9bff5ca8357ed6a07df258bc151d3955be,5a7d78d4e4a9d3f9487576d7abfaa23ee1b503b3,has_published
29294343183aed3b00e150352f4849b99f51f596,5a7d78d4e4a9d3f9487576d7abfaa23ee1b503b3,has_published
7c89856f48fc1e880f50492d9b6090790b76acaf,5a7d78d4e4a9d3f9487576d7abfaa23ee1b503b3,has_published
f6440c4cef2bae1a5f556819879c435d613c6228,d3bc2c45d22aa665acaf4e35abb2bb48b2ae4b6b,has_published
cc1029cd38b0a1b4d7a51b5f3c4d1a228e9f5588,d3bc2c45d22aa665acaf4e35abb2bb48b2ae4b6b,has_published
72408d6bb1101966bb285401c2bd0a875ac475f3,d3bc2c45d22aa665acaf4e35abb2bb48b2ae4b6b,has_published
4e61f1f4fbf7693de1431cd879c6becf46e2adbe,d3bc2c45d22aa665acaf4e35abb2bb48b2ae4b6b,has_published
bc3de29639e27c5eee1c46918bf7a096d833da9e,d3bc2c45d22aa665acaf4e35abb2bb48b2ae4b6b,has_published
79f8700b68354b179d53e0d90295a9db875edddd,d3bc2c45d22aa665acaf4e35abb2bb48b2ae4b6b,has_published
2fb45e8cdcfe18a0055600ebf41bd239c843e0fd,6c17ae7fcf42fbc60b5ffe26dd0fe3ed91f143df,has_published
58668e7669fd564d99db5d581fcdb6a5618440b5,6c17ae7fcf42fbc60b5ffe26dd0fe3ed91f143df,has_published
12a4fa8cdf6c22fa1fa8372f5fab50cec5be48b4,6c17ae7fcf42fbc60b5ffe26dd0fe3ed91f143df,has_published
f45a87cdba4d38b404c73574331c1bab20b38600,6c17ae7fcf42fbc60b5ffe26dd0fe3ed91f143df,has_published
d16dafa1b16da071e3b44e68e6a5c110d272e089,6c17ae7fcf42fbc60b5ffe26dd0fe3ed91f143df,has_published
d801f28ce3b041ef8a16c7ad9b08685419ef87cf,6c17ae7fcf42fbc60b5ffe26dd0fe3ed91f143df,has_published
103da6124f432eb074a208067920e96b338ea748,6c17ae7fcf42fbc60b5ffe26dd0fe3ed91f143df,has_published
9b2d60831790eec78f982564815bb2b06bec7090,6c17ae7fcf42fbc60b5ffe26dd0fe3ed91f143df,has_published
e1519778c42508883030f810fde5796fbd489914,0ec52bb61aaa54b5f0a555eac565aa8ee01c9901,has_published
d165e093f346df0b5073a4b3383d72176b92c344,0ec52bb61aaa54b5f0a555eac565aa8ee01c9901,has_published
f0764be17f5b7f9526a5f743c0354826f3622dda,0ec52bb61aaa54b5f0a555eac565aa8ee01c9901,has_published
51c3d334bc6486287e671f3dc8363fd794425417,9084b835852b9eb81706969fc4389ebaf48f0210,has_published
662fcc748de8f3b048824d3555b4865a97b10878,9084b835852b9eb81706969fc4389ebaf48f0210,has_published
a4ce1daa601f322df97614a393a2fbab78a8e8c8,fccc0f98b960c946fadce5a045b150a83e7bc5bc,has_published
41661b1bc349e264b6a9fa66f50a8b831e0b3155,fccc0f98b960c946fadce5a045b150a83e7bc5bc,has_published
c4141ad9e61184077dcb89ec2722ac087a238db4,fccc0f98b960c946fadce5a045b150a83e7bc5bc,has_published
9e91dd08adbf6703b29e27d373ae0ef9383cc40b,fccc0f98b960c946fadce5a045b150a83e7bc5bc,has_published
3ba014a512a00d829964599f7e58ea4b82bd6874,fccc0f98b960c946fadce5a045b150a83e7bc5bc,has_published
6568d947d0fe04ad6db03075a379fbfb8461ed6a,fccc0f98b960c946fadce5a045b150a83e7bc5bc,has_published
bf704358dfe143ec454518d554151baba9fd0f7a,fccc0f98b960c946fadce5a045b150a83e7bc5bc,has_published
335dd6fa8e8eddc433b736260ca2e3715f8efe9e,fccc0f98b960c946fadce5a045b150a83e7bc5bc,has_published
242cd0333b95d470e94c03077de384c1da42f8aa,fccc0f98b960c946fadce5a045b150a83e7bc5bc,has_published
014f2d9e971e80ee51f5dbeb25e9d5b9cdc6d7b1,fccc0f98b960c946fadce5a045b150a83e7bc5bc,has_published
bca90ffe401b79a918fad652349065cd014f98f5,fccc0f98b960c946fadce5a045b150a83e7bc5bc,has_published
720f3c5151f17ac35733905547478d63acc8d8f7,fccc0f98b960c946fadce5a045b150a83e7bc5bc,has_published
b23e7008c4c8978239c20eb3f0bb02280fedd7e4,fccc0f98b960c946fadce5a045b150a83e7bc5bc,has_published
62b68d45445e0064c09954ddd9f507003d97b0b9,fccc0f98b960c946fadce5a045b150a83e7bc5bc,has_published
68ebb242302a288251ffb27618f83110638afd06,fccc0f98b960c946fadce5a045b150a83e7bc5bc,has_published
f149a4a028cb01e05bca9a6f583d5341c19dae8f,1e6acb98cefc8b21e994bd259518a7d71dd88db8,has_published
a7a4317d1cd9221dab7783508f9a65f2ce1e1060,1e6acb98cefc8b21e994bd259518a7d71dd88db8,has_published
04e7fbb2a3d4517d92d22e0356a0b1586b160e03,1e6acb98cefc8b21e994bd259518a7d71dd88db8,has_published
70916b27500e431a85409517feb9ec1e154e3c08,1341e9e33488d304353f31081a8422ed8715b5b6,has_published
75157e4425eee9e5f687f0b8d578ef727cc8fad4,1341e9e33488d304353f31081a8422ed8715b5b6,has_published
c6f46c051b20e37e301a34d9e6654407d57e1c7f,1341e9e33488d304353f31081a8422ed8715b5b6,has_published
b56e6bc303475fd4fc46e752f2b685693b08d1e3,1341e9e33488d304353f31081a8422ed8715b5b6,has_published
e9dd396846aaa46edcdc612ebea735f35fba0795,1341e9e33488d304353f31081a8422ed8715b5b6,has_published
8c54524bb9ec0f10420dfdd7f59ac34fa92cb776,1341e9e33488d304353f31081a8422ed8715b5b6,has_published
929e28355146f914dac69d37eed1a57546e91033,1341e9e33488d304353f31081a8422ed8715b5b6,has_published
f92e2db958f3a09b2265a9ad45f26080571533bb,1341e9e33488d304353f31081a8422ed8715b5b6,has_published
1edd45d6cfeae8ae8d00ce91678dc78a754a8ebc,1341e9e33488d304353f31081a8422ed8715b5b6,has_published
f0af5be00faae612bb236c2f85e8279ba7a477f8,0d3a6abcf22abe9927b15978592a63aa5c0de0f6,has_published
2ae3de346b32a4b3296e273f9b04056cf9fa7561,0d3a6abcf22abe9927b15978592a63aa5c0de0f6,has_published
64124385fe1422825869bf442163e6e24686cb67,90b87bfdea94ee0a26e8b7b9fdf0ac7ba773ba94,has_published
d49ff6823023c44e153c2af1fde972fb66576601,90b87bfdea94ee0a26e8b7b9fdf0ac7ba773ba94,has_published
93c2034a0d20b33646f891d4e4637bcf32eeff0f,90b87bfdea94ee0a26e8b7b9fdf0ac7ba773ba94,has_published
93f0a0d81e4bfcb912857a1ea8e5101a515269e8,90b87bfdea94ee0a26e8b7b9fdf0ac7ba773ba94,has_published
5d0e7950963f324cbaba5db054b5a68bd12553cc,90b87bfdea94ee0a26e8b7b9fdf0ac7ba773ba94,has_published
c45d0bde0ae410b1dd9306f37e7871d98933187c,9f8d24145b4a12f6816370fe05c801faa56edfc2,has_published
2b9f735ec174767a5963edf3b1b092cd8480e695,9f8d24145b4a12f6816370fe05c801faa56edfc2,has_published
5695f037c00a01b444fce87b882a7237ceb9388d,9f8d24145b4a12f6816370fe05c801faa56edfc2,has_published
49c29bf39e39a153c0db6a16227d293ebd894dd9,4d9a77c6993e83fd7d4e10f27e16eb49791748a8,has_published
4c6f197cc391b8eaa09dc0e3a4378c7e9e987dd9,4d9a77c6993e83fd7d4e10f27e16eb49791748a8,has_published
5db3f2fe427880a68672fa670ef2d63a0110221a,4d9a77c6993e83fd7d4e10f27e16eb49791748a8,has_published
7f1673338fd7988d4f3b20e2daf7387437d022ee,140ab046d55c6618aa71fea9e48b7971a7e4b60e,has_published
c2d76cff95ee98187f9609e54be9b01f268b8c4a,140ab046d55c6618aa71fea9e48b7971a7e4b60e,has_published
43a3eee96365c3b6d8eb748b0c684890f6b26160,140ab046d55c6618aa71fea9e48b7971a7e4b60e,has_published
b71660295eb88839ce306a3a1db284353719cb28,140ab046d55c6618aa71fea9e48b7971a7e4b60e,has_published
055833e1dfb5b82f9a99a0d2978c802f02349cf2,140ab046d55c6618aa71fea9e48b7971a7e4b60e,has_published
21fa4927fcfc06576015bdd707284ab793d0bb47,140ab046d55c6618aa71fea9e48b7971a7e4b60e,has_published
f955eca938a56a5128d0b6da490da0d2eab4afdc,15d37cf2a310ff8cce48b1c1f3eaea846b17bbd2,has_published
ac8def25970f1db2da7ea4b9d2bbafb28b25b1ea,15d37cf2a310ff8cce48b1c1f3eaea846b17bbd2,has_published
c1651f08cb979d5f94b2f864e924fea840f37106,15d37cf2a310ff8cce48b1c1f3eaea846b17bbd2,has_published
a5fa698de58c39df886df566f65955657c9f8730,15d37cf2a310ff8cce48b1c1f3eaea846b17bbd2,has_published
e02c2f14f78fc92f6d7a8a8c8a27e3eef9a820e4,15d37cf2a310ff8cce48b1c1f3eaea846b17bbd2,has_published
029279d3320c4a0946e3db4a67cb74dc26f05c13,72958183a26c8cc7c5ac8355000eb2da79fac2eb,has_published
ad155bd2721d7bdcc07b86fcd1e5662d5d09d6ca,72958183a26c8cc7c5ac8355000eb2da79fac2eb,has_published
371c888b811fd91087786b78cda11d1b62da0a5c,72958183a26c8cc7c5ac8355000eb2da79fac2eb,has_published
4447e4683669c4428ec034e78466344706d16065,72958183a26c8cc7c5ac8355000eb2da79fac2eb,has_published
cf785cafc46919eb819d1237b70609a9d45d1d92,72958183a26c8cc7c5ac8355000eb2da79fac2eb,has_published
ce2f8e29b9d4be75f72a24bc14ca4eed83ddb101,72958183a26c8cc7c5ac8355000eb2da79fac2eb,has_published
cfd27bf28c06d8b0d985c645375c4ba109df6d54,72958183a26c8cc7c5ac8355000eb2da79fac2eb,has_published
1a3e676410b8affb0ac3410046d697efaebefa66,72958183a26c8cc7c5ac8355000eb2da79fac2eb,has_published
319f7b3ec5534b2755262ba9ca3c24495d417802,76dcc76a0d6041517a4d88f763269bd0196488cb,has_published
cb5cf588513e46ed3a41d7696fafefb511439f75,76dcc76a0d6041517a4d88f763269bd0196488cb,has_published
ce29085e724600769e671aa3ad2bec127024b4e1,76dcc76a0d6041517a4d88f763269bd0196488cb,has_published
47097ae5e7f64ecd4e9b990fb989af64276bb163,76dcc76a0d6041517a4d88f763269bd0196488cb,has_published
6cd68b9633c77f07e1e3800e1ea14384acd53399,76dcc76a0d6041517a4d88f763269bd0196488cb,has_published
307e2ab997aa5058039db956fd9283fd6e8367e9,76dcc76a0d6041517a4d88f763269bd0196488cb,has_published
7bfc5e7e357cdad9a1dbce822c2b0735481df4da,76dcc76a0d6041517a4d88f763269bd0196488cb,has_published
98c63f7c0707e96455642e3b0591dfb2413a256d,76dcc76a0d6041517a4d88f763269bd0196488cb,has_published
a75924700f27eca0b68d9c85dce7ddd897720f0d,15b5168bb07f6dcb08f66bd05f0c89629085e3c6,has_published
aa5a48bb94697fba5870f7023a579ffb54f0690a,15b5168bb07f6dcb08f66bd05f0c89629085e3c6,has_published
6b0cb4c67b4d523dcc08f219574cf7185882d268,15b5168bb07f6dcb08f66bd05f0c89629085e3c6,has_published
7af7bc8974474f488a7d2ad9a685d2b2a527d155,2ec8f1a2704564739536861efa5d9a49803a211b,has_published
68a047e8b7cf3ff2a501d9e294708e0764bfac6d,2ec8f1a2704564739536861efa5d9a49803a211b,has_published
25c9e9e34b8a1be6390c1a1131b5a23daf4cd81d,2ec8f1a2704564739536861efa5d9a49803a211b,has_published
fc400fcc4e189dc740fbbdcee66b571adc87303c,2ec8f1a2704564739536861efa5d9a49803a211b,has_published
1ae1a195d1e8b7a474798d1300c1303e445f2a94,2ec8f1a2704564739536861efa5d9a49803a211b,has_published
cb76efb142198a86858d44f5751901e92139ea59,2ec8f1a2704564739536861efa5d9a49803a211b,has_published
02526c063ee1dc9a35532d04068105b2202887ec,acdd7d690e7c72816ccc9ed6d17a0be9ccf74fd5,has_published
ddd77502644bd30efa3cbd6fd99decaa737467db,a85226a033d10542dd7715e6dde5c50fe0c8dce4,has_published
48db384dde57f026697e0a77cbe2f078536b2fed,a85226a033d10542dd7715e6dde5c50fe0c8dce4,has_published
f901ec4325c3cd090476cd5be629bb654c6023ae,a85226a033d10542dd7715e6dde5c50fe0c8dce4,has_published
beb92e15272f09f3ed77e476a9eaa5e6599898cb,a85226a033d10542dd7715e6dde5c50fe0c8dce4,has_published
ccf9fda0b21f8819c2d7a249726008356bbd2cde,a85226a033d10542dd7715e6dde5c50fe0c8dce4,has_published
a7bb10500cacbeeee0d405582ece5b67c900af1e,a85226a033d10542dd7715e6dde5c50fe0c8dce4,has_published
664d53c77194279bd5f28790f4911344b3b9474f,a85226a033d10542dd7715e6dde5c50fe0c8dce4,has_published
42af5322ecc277c0362be6672383a8d711979ee0,a85226a033d10542dd7715e6dde5c50fe0c8dce4,has_published
1fbd260bbe7144689aa6f713f71295c1e80a6330,a85226a033d10542dd7715e6dde5c50fe0c8dce4,has_published
451ecd65f9bf757af6f374151abb7396b06a6629,a85226a033d10542dd7715e6dde5c50fe0c8dce4,has_published
39a5c97d7f56dc1a8fd8798ef1cee19e8384b3ee,a85226a033d10542dd7715e6dde5c50fe0c8dce4,has_published
eef09c67f3aed5b38fdca3ff3043726826284520,a85226a033d10542dd7715e6dde5c50fe0c8dce4,has_published
661b91dea5b59f1ad8f8603fbbd64fed0753b8d8,a85226a033d10542dd7715e6dde5c50fe0c8dce4,has_published
f57df81ed35a6d9fcfb980e9d1996535cf57a7ba,d88886c3bc8373df053468a58836190b5fc043ca,has_published
22876158832adf82cc10e4872ceca28d8afae9fb,d88886c3bc8373df053468a58836190b5fc043ca,has_published
94b5efdb5d68f2912f6197685ff03d244ede0713,d88886c3bc8373df053468a58836190b5fc043ca,has_published
1bbb99fe81e25eaf6c6a3e9da656c34c5a150bff,d88886c3bc8373df053468a58836190b5fc043ca,has_published
b2b98db3a91e8b1a6abef59a17bc55baabb7b40f,d88886c3bc8373df053468a58836190b5fc043ca,has_published
8eb8cc40d7ebf316448a3edbe7e74aaa8a4ef1a7,1f778b09d0ae1add698e80d900a6bccde4a5261d,has_published
1d056b5d7c8640231af2233a86a0eb123569225e,1f778b09d0ae1add698e80d900a6bccde4a5261d,has_published
6ca0e8456f7246118fe2c6236f08ec7f1141c93a,1f778b09d0ae1add698e80d900a6bccde4a5261d,has_published
061905dd5d0a419c8268ce87acabf39bf85f923e,a58fccd533ced4ef18d5c221333821b1b2cddf11,has_published
c2eefa41435d65b48bf09725b7e2a613061d5210,a58fccd533ced4ef18d5c221333821b1b2cddf11,has_published
34e4a1dd8b3526fa85a70d13107f86db022b7000,a58fccd533ced4ef18d5c221333821b1b2cddf11,has_published
7ade731be3b91fb1c6b4b6e78f301e8a2a3d0858,a58fccd533ced4ef18d5c221333821b1b2cddf11,has_published
11a54662d7ff37d4573a3d805639faa36e9bb349,dc764e6ceef9bb95215c509aebc6e85b78856233,has_published
cde3c18ad23c0a88a0b3610751120a14ede0a1ca,dc764e6ceef9bb95215c509aebc6e85b78856233,has_published
571b7a976e95216eb3db1c9eb04289eded1a7146,dc764e6ceef9bb95215c509aebc6e85b78856233,has_published
f97ec305590b90757a2700c992df9dd6ec39e9cb,bb4139cb2ff993cddb505d4910b8c52dcdbeb290,has_published
27670cbe2606f1b097cc47c4fc98fdc8da2bfe19,bb4139cb2ff993cddb505d4910b8c52dcdbeb290,has_published
cda7d9d4aeec7607cc79e4fe15510c930d793a6f,bb4139cb2ff993cddb505d4910b8c52dcdbeb290,has_published
20ad5a4880968bf865f0b9a4ff6b349df1ecae86,bb4139cb2ff993cddb505d4910b8c52dcdbeb290,has_published
6cad64ec9bb545741ae9e430d370dc80873c2cca,bb4139cb2ff993cddb505d4910b8c52dcdbeb290,has_published
9126dc65fd1c6f8e5abb1b919f1e181c4f84d019,bb4139cb2ff993cddb505d4910b8c52dcdbeb290,has_published
fc1ace95ccbb778552f7a961bcaf14568aebad25,4bbdc314f8816669f54714589df7016f4f93b3a0,has_published
426fb7175dea0d67ea19a77b504f5f5c53027fbc,4bbdc314f8816669f54714589df7016f4f93b3a0,has_published
a7463d494c5f81c7c0f83032641606f852a61a5e,3a3b128ae1e3f8d24025bfc1cfa5badaed57162b,has_published
4c0efa84d472de90602c742591d53acce59aab9b,3a3b128ae1e3f8d24025bfc1cfa5badaed57162b,has_published
69055953631d8f7bed233286a765aadccaf00720,3a3b128ae1e3f8d24025bfc1cfa5badaed57162b,has_published
51982ee707de1aa049bfd866c8120fad0a08711c,357b037f6e5c7ac1fec167b4a85955ae6b07330c,has_published
9bdc09fbe2bc7d79c6772c46fbf39db7414f03dd,357b037f6e5c7ac1fec167b4a85955ae6b07330c,has_published
76e654a9d458a12909207d8f728fafb9f1293cda,357b037f6e5c7ac1fec167b4a85955ae6b07330c,has_published
43ab6af647150c5b74a64988e9034b924e10761d,357b037f6e5c7ac1fec167b4a85955ae6b07330c,has_published
195979ebdba1bbff4643e33e1d5cebf0c8819a1c,4a7a1d6fa1a47905fb52c387ace37f8bca5fae42,has_published
22f5b75f224e10257a0e890fa2e44ab3673fb7ee,4a7a1d6fa1a47905fb52c387ace37f8bca5fae42,has_published
686120c3737327094907efb714df59625a5ec4f3,4a7a1d6fa1a47905fb52c387ace37f8bca5fae42,has_published
c5016b22a7eb6ae1cc2d39c04e0fa79019bf2d0a,4a7a1d6fa1a47905fb52c387ace37f8bca5fae42,has_published
d518725a1f6134f41bc7d61b4c9bb06f9138b1a1,03ebcca9d6ce40f0a8e2ba689ce2d66b60116350,has_published
2fe9ca24867a2cb53b5686741d2fdd6312b84f34,03ebcca9d6ce40f0a8e2ba689ce2d66b60116350,has_published
be93f73cd2acfb44fd255ff199f732b576bd0f2e,03ebcca9d6ce40f0a8e2ba689ce2d66b60116350,has_published
5afa81368ed63d1d5352a8edd352a20e56e7e268,03ebcca9d6ce40f0a8e2ba689ce2d66b60116350,has_published
7a3aa2d53d31a9ecf6c91048eef5ade5b36b4f89,03ebcca9d6ce40f0a8e2ba689ce2d66b60116350,has_published
fec79eeab21f777c830b39194e98481acf527dad,03ebcca9d6ce40f0a8e2ba689ce2d66b60116350,has_published
e0a19388a27da79d7fb3eef51b72c73d5ab9823e,03ebcca9d6ce40f0a8e2ba689ce2d66b60116350,has_published
e1bef93d79b2e736a7fc5591c43588c9f1a4c053,03ebcca9d6ce40f0a8e2ba689ce2d66b60116350,has_published
03f49665696c2736acdd99af9fb8d7902c4629ce,03ebcca9d6ce40f0a8e2ba689ce2d66b60116350,has_published
4453a6f878c2b15d4856511d77969fbb13dbd353,03ebcca9d6ce40f0a8e2ba689ce2d66b60116350,has_published
ae4075b82c6c648e63b8eda9ac7044fee438b7dd,767aa41de60bcf20739c535fb477ccaa522dcd3b,has_published
dabd66b45d9ab9b8bd18e4cf60f8272b5a0c1637,767aa41de60bcf20739c535fb477ccaa522dcd3b,has_published
f4488a23d82221a61a3e69dec5c88f1bf540b4ce,767aa41de60bcf20739c535fb477ccaa522dcd3b,has_published
e1b80fc6366b80ba7854b91a7d00c41d656723cd,767aa41de60bcf20739c535fb477ccaa522dcd3b,has_published
a7331fadf85161feaad5c0936c86114914e52445,767aa41de60bcf20739c535fb477ccaa522dcd3b,has_published
cfe20bdbb602c348b3ff11773cb455cca4f7de0b,767aa41de60bcf20739c535fb477ccaa522dcd3b,has_published
bf6eb569f060b7130b2e73702560cc56472d3a0c,767aa41de60bcf20739c535fb477ccaa522dcd3b,has_published
b55d0592bb857295296477d1da0ec8c787d4f2e0,767aa41de60bcf20739c535fb477ccaa522dcd3b,has_published
029ec6580198a45f853972b4fa8b4df0192ece9f,767aa41de60bcf20739c535fb477ccaa522dcd3b,has_published
7289c5bf927690a22d655ea55d6c93fe9c932189,767aa41de60bcf20739c535fb477ccaa522dcd3b,has_published
33dfbb41d9848db93df84b73474aec3d8f5ad884,767aa41de60bcf20739c535fb477ccaa522dcd3b,has_published
677c1e421b3e78c20257ad67b13e725607aa6785,767aa41de60bcf20739c535fb477ccaa522dcd3b,has_published
6c5d679a4678421db638423e8910a5ebc03bc5b7,767aa41de60bcf20739c535fb477ccaa522dcd3b,has_published
6c384612bf27c530e9a667d72ff62e3012744e47,767aa41de60bcf20739c535fb477ccaa522dcd3b,has_published
9550dba3424ec5c4d72f54dd0fea0afa2220fe43,767aa41de60bcf20739c535fb477ccaa522dcd3b,has_published
24c2b72282afe4876320765fb9f4918e9c90ae55,767aa41de60bcf20739c535fb477ccaa522dcd3b,has_published
4e3d52c7b6322a710dd5280a0ac0844d3866b581,fde32676b45348c92885a71347194532fe54bb49,has_published
08fea527860f9139d023d7f09bec2ba94c84fd3b,fde32676b45348c92885a71347194532fe54bb49,has_published
89cc091162ca29d33ce09813ac6de3ec0bc64f73,b4fbdaaa03dca0deb87007e8d7192aaf88156ec9,has_published
e137b5a3ac969036699c66bbbff4ba074901d88b,b4fbdaaa03dca0deb87007e8d7192aaf88156ec9,has_published
cb39422fccdd0dfd51fc4e9a81c8f33aae75d293,d2cb42a01a631670871f22eed100a8af6f5beb04,has_published
782636de512e157bf89d70ee231545d1fa0b6af4,d2cb42a01a631670871f22eed100a8af6f5beb04,has_published
79832c46dbb4446b75520ea395e9232ae8983997,d2cb42a01a631670871f22eed100a8af6f5beb04,has_published
645e993ee814cb8186e27f5b7431dc2af58bf78a,d2cb42a01a631670871f22eed100a8af6f5beb04,has_published
4d42964a19cb74984cecfd172746affcb93788df,d2cb42a01a631670871f22eed100a8af6f5beb04,has_published
9fbf694463f179002fe6433a6c7f3bc93137a041,f7d1f76c35cc24efc099de1f22096afa1700c572,has_published
948b3689e90dc8ab647525ea74faf2f528272ca3,f7d1f76c35cc24efc099de1f22096afa1700c572,has_published
74ab69a37015add88eb50d26fbda58df5822b4f5,5f643ea1bbd354f5ebfcbf96117d8bf8d9bd8de6,has_published
3d9a15f1b6ff1bad2dc0b2d9b4cf074164cd7e9d,5f643ea1bbd354f5ebfcbf96117d8bf8d9bd8de6,has_published
c199e8814f067e88dfce8f1b39a6476e5824c52e,5f643ea1bbd354f5ebfcbf96117d8bf8d9bd8de6,has_published
24743c90167bb9f07b687927bf0c9ddec5d8aaaf,5f643ea1bbd354f5ebfcbf96117d8bf8d9bd8de6,has_published
a76ef4e96fe5a6960fff08cb84690b90dd926bc2,5f643ea1bbd354f5ebfcbf96117d8bf8d9bd8de6,has_published
d84f00e787d744a3fb5a90a51c6e1bb40cd25c07,53309f2e486151cb99eae9a88db1f51dc1c5fa05,has_published
152693252c54d3db9fecae0bbaf4f4b16a136bbb,53309f2e486151cb99eae9a88db1f51dc1c5fa05,has_published
f7fa07d039b4a5d8f8824f4acd860f0bdd48f525,0b83f0e165e33cd4845883034d426c41f3047778,has_published
eadd43a2e7b376538bc6c60c66e2d4c14ec7f349,0b83f0e165e33cd4845883034d426c41f3047778,has_published
2852c74d8cb3747b1977d91e77b8d9fec1b300f8,0b83f0e165e33cd4845883034d426c41f3047778,has_published
cf61da52f344b573e5dcc578c23d0ea26ed8a777,0b83f0e165e33cd4845883034d426c41f3047778,has_published
940d66c3c0e20fd71723f980e321f0879ee2bdb2,0b83f0e165e33cd4845883034d426c41f3047778,has_published
3f9638fa7e7d47baf2945b2b6bc89dfcc2566680,0b83f0e165e33cd4845883034d426c41f3047778,has_published
e5d2e7800aef5ef06e7007da356dd7099f9d6ed0,0b83f0e165e33cd4845883034d426c41f3047778,has_published
cd0da500a2acf616795e0bf6cc5caa996943fe37,0b83f0e165e33cd4845883034d426c41f3047778,has_published
26e290df7aae7c7456928914129359e561e31c49,0b83f0e165e33cd4845883034d426c41f3047778,has_published
fd155ccbdd3d040a8fc384eb4e784f143066aa1c,0b83f0e165e33cd4845883034d426c41f3047778,has_published
f1cc877bd1eb9577b240a7d921947587171f87dc,494cd44e9721024e89afa7377d397b3dfd51d188,has_published
de946353ff573db963f67122e0561508370e3d65,494cd44e9721024e89afa7377d397b3dfd51d188,has_published
bed6640af5cfa36a003966c953bc728a245529de,494cd44e9721024e89afa7377d397b3dfd51d188,has_published
c79e2cf7aa56caa94f75d9365e25514244cb4903,7f60aaf9069021beefc52034cea15403059ee6fa,has_published
d47725a8992cab81cbc76ab11db6ad22b02f3848,7f60aaf9069021beefc52034cea15403059ee6fa,has_published
2eb55b3f79e982218417b1c95c11072e0f6264fe,7f60aaf9069021beefc52034cea15403059ee6fa,has_published
5f2c6c2564a9f6a2b1ab169e8148c61c1a0f96e8,7f60aaf9069021beefc52034cea15403059ee6fa,has_published
22390ad11c32faec43fc61555b53607660b3c185,7f60aaf9069021beefc52034cea15403059ee6fa,has_published
f4356c2f20fd09537396ad48d45f4ae01e3cb52a,7f60aaf9069021beefc52034cea15403059ee6fa,has_published
2da05b79a3ecf4f367c559b642314462d6efb625,86e5e42fd7dd5a22750bfe193fd02b53d98ddd3e,has_published
1ec5d16a01b0511384bbf7c78e445b0e5cf79dbe,86e5e42fd7dd5a22750bfe193fd02b53d98ddd3e,has_published
042b4a816988c82d727853c74c1d0ecc45e93ec6,b6d148953ddc6847444801be0d398ecc1d48b53f,has_published
59273784a03fb161f3ed2ccb4c2e93989eae0d4d,b6d148953ddc6847444801be0d398ecc1d48b53f,has_published
bd548f37add3222ec57f539304505cb71178b5ed,b6d148953ddc6847444801be0d398ecc1d48b53f,has_published
33e528366c152ab78ee801ce75b8803eee5ff0d3,b6d148953ddc6847444801be0d398ecc1d48b53f,has_published
0e057fad0ba190d708cd3b0ef36546800edddd37,b6d148953ddc6847444801be0d398ecc1d48b53f,has_published
57a2c873bdc75df61deac62fd8b5b232571a843b,ddd4ae533a64cc07138880ca75d59e0be61c01ec,has_published
aa32ca4811056ee26da197241fa3cd61457496b0,ddd4ae533a64cc07138880ca75d59e0be61c01ec,has_published
deaac9e4fc9404654784d8f86409edc41d20f7cb,ddd4ae533a64cc07138880ca75d59e0be61c01ec,has_published
5ef1e376d69409272d349eb5a44f290c955e3fd1,ddd4ae533a64cc07138880ca75d59e0be61c01ec,has_published
1736579388d8dca1ee987f0fa6855084a0053f53,ddd4ae533a64cc07138880ca75d59e0be61c01ec,has_published
4179ede6b25292387ed635369998ad6478da8a15,ddd4ae533a64cc07138880ca75d59e0be61c01ec,has_published
9689b517e9c77149263e2e9f0fb0c5c1e46ff6ff,ddd4ae533a64cc07138880ca75d59e0be61c01ec,has_published
55fea7c6f7e58e1c4f436d36ba5dea43bdfe2574,ddd4ae533a64cc07138880ca75d59e0be61c01ec,has_published
92f65aaf6875e3fa0f699209d8b7ab46ce2ef2db,d5e4fa1042fa5e8e3215c157562989740d1e67a9,has_published
112cafcbabfd36c71c8f71d3d32c1f5a3ae7d749,d5e4fa1042fa5e8e3215c157562989740d1e67a9,has_published
cdc69b82f3532349c07c058787935fbe7099b94a,d5e4fa1042fa5e8e3215c157562989740d1e67a9,has_published
bd890c0fb6e7d51d72c11a6a28e456d7934fa4e7,d5e4fa1042fa5e8e3215c157562989740d1e67a9,has_published
b2d15557466acf7c48b039f119c02d13df2c066e,d5e4fa1042fa5e8e3215c157562989740d1e67a9,has_published
8c2dd6d7406958c238d4a61114e55770d8d2b63d,d5e4fa1042fa5e8e3215c157562989740d1e67a9,has_published
8928a5925b7e27abedb1ce21ad7c9474f87d5b20,0dc958db13e5ac3b76b8204a8081ad0cec38bcfa,has_published
f2679a0bf3e426a7535e9a75ccac64dfc0de5f3f,0dc958db13e5ac3b76b8204a8081ad0cec38bcfa,has_published
c870d476872d47c22f8de248e0f7a614cf7a2caf,0dc958db13e5ac3b76b8204a8081ad0cec38bcfa,has_published
6e347f944fac357fb7c234e7d532efb3205c8e14,0dc958db13e5ac3b76b8204a8081ad0cec38bcfa,has_published
f1a64844f2335ae0276361b53f83550e13a8cd14,65172e87aa39e0eaf49a9c4117cf86a93b14a54b,has_published
8e0a170d03f5d6252715cd7226c8b06712b1578a,65172e87aa39e0eaf49a9c4117cf86a93b14a54b,has_published
2d1db007c620f54130ae97e31dbac56f9627fbb2,65172e87aa39e0eaf49a9c4117cf86a93b14a54b,has_published
cf98b650e916eef43161764ac80e2d7bf09ad26e,65172e87aa39e0eaf49a9c4117cf86a93b14a54b,has_published
d2d2b0701758e4ef8b0f7dafa8b0ef349245d16a,65172e87aa39e0eaf49a9c4117cf86a93b14a54b,has_published
7d07ee4a6f2c8c6ebc19839289bd042567d2c420,65172e87aa39e0eaf49a9c4117cf86a93b14a54b,has_published
1afdfaaa9887671492a44307a66df9831afaf0cc,d55c31191018d29b21fd07ed2c3a1c4b63dbe174,has_published
7f374054664852519d266b28a9f3748eb5716eff,d55c31191018d29b21fd07ed2c3a1c4b63dbe174,has_published
a29ceb270dfa41c158907b49a5a0e8f725aea2eb,d55c31191018d29b21fd07ed2c3a1c4b63dbe174,has_published
93f2098a64ee00f36f88be9601ecfe51ae5e2995,d55c31191018d29b21fd07ed2c3a1c4b63dbe174,has_published
c9825aec788eee4f64eb5ae317bc8bf4183672d7,d55c31191018d29b21fd07ed2c3a1c4b63dbe174,has_published
e5216ac377e09318991ae3efeefe2f85f8be029d,d55c31191018d29b21fd07ed2c3a1c4b63dbe174,has_published
19f9e6c855986aae7da33f28f0a1b55d18a634f4,d55c31191018d29b21fd07ed2c3a1c4b63dbe174,has_published
f137125454c1db17c2fd58f6b76f779d51192f5e,d55c31191018d29b21fd07ed2c3a1c4b63dbe174,has_published
4b620fb92f899a8d2c2d4f1641b17aaf92a6784e,fb6d11f2442eedb4e1125c8300ee2076e43c634c,has_published
6d78c1a268e321fa7f4d228298c01e9b05256a98,fb6d11f2442eedb4e1125c8300ee2076e43c634c,has_published
